modelo,Index_A,Index_B,Index_C,Index_D,Index_E,Index_F,A+D,MACRO,MACRO_recent
drift_full,66951.75574940845,12022.452975558406,7073.569984633134,73096.26080515432,5354.802555463877,1391.35584055185,140048.01655456278,27648.366318461674,94860.7139650936
blend_full_0.7,69590.1984667289,11710.360545143418,7044.314196995571,75727.3414327153,5467.946333411626,1391.7709105032247,145317.5398994442,28488.655314249674,98251.24407948111
blend_full_0.5,72009.06997963267,11967.39219992087,7094.9239630380425,78068.05390143844,5615.693341473455,1392.0562020984687,150077.1238810711,29357.86493126699,100859.85890800865
damped_252_098,73503.49056583234,14140.3268437074,7098.431474487029,80056.74092815508,5848.871937618132,1448.9823194831467,153560.23149398743,30349.47401154719,101191.45381566271
drift_log_756,75456.99561870257,12600.744096383496,8298.466012512494,82589.67532005126,6389.742969691083,1860.6419265919649,158046.6709387538,31199.377657322144,111120.17876300462
naive_flat,79638.10558668649,13932.812267620158,7432.631938670786,85393.4630951488,6187.804498506019,1392.7987587742557,165031.5686818353,32329.602690901087,108145.83583454326
ewma_30,87616.31072773377,14470.743070745753,7740.574793350638,87768.55059555966,6471.893469776405,1342.8510667308879,175384.86132329341,34235.15395398285,111537.1132998242
drift_log_252,82766.62591373554,16935.79152835297,8672.154396650114,92638.20424423447,6679.967456115031,3038.672859975948,175404.83015797002,35121.90273317735,129593.81216034795
